checkpoint,location,cumulative_distance_km,distance_from_last_km,altitude_m,elevation_gain_m,elevation_loss_m,cutoff_time,available,outside_assistance,drop_bag
Start,Sa Pa,0,0,1490,,,,Water,,
CP M2,Hang Đá,6,6.0,1491,435,444,,Drinks; HEED; Fruits; Snacks; Medical,,
CP Sa Pa,Sa Pa,14.7,8.7,1490,430,430,,Drinks; HEED; Fruits; Snacks; Hot food; Medical,,Yes
CP M2 (ii),Hang Đá,20.2,5.5,1491,425,425,,Drinks; HEED; Fruits; Snacks; Medical,,
CP Sa Pa (ii),Sa Pa,28.9,8.7,1490,430,430,17:00,Drinks; HEED; Fruits; Snacks; Hot food; Medical,,Yes
CP M2 (iii),Hang Đá,34.4,5.5,1491,425,425,,Drinks; HEED; Fruits; Snacks; Medical,Yes,
CP Sa Pa (iii),Sa Pa,43.1,8.7,1490,430,430,,Drinks; HEED; Fruits; Snacks; Hot food; Medical,,Yes
CP M2 (iv),Hang Đá,48.6,5.5,1491,425,425,,Drinks; HEED; Fruits; Snacks; Medical,,
CP Sa Pa (iv),Sa Pa,57.3,8.7,1490,430,430,2:00,Drinks; HEED; Fruits; Snacks; Hot food; Medical,,Yes
CP M2 (v),Hang Đá,62.8,5.5,1491,425,425,,Drinks; HEED; Fruits; Snacks; Medical,,
CP M3,Hòa Sử Pán,71,8.2,1094,214,617,,Drinks; HEED; Fruits; Snacks; Hot food; Medical,Yes,
WS,Lếch Mông,76,5.0,1400,506,105,,Water,,
CP M4,Bản Mới,82.1,6.1,1010,121,542,,Drinks; HEED; Fruits; Snacks; Hot food; Medical,,
CP Topas,Topas Ecolodge,84.9,2.8,967,157,202,10:00,Drinks; HEED; Fruits; Snacks; Topas Buffet; Medical,Yes,
WS,Suối Vạn Dền,90,5.1,750,56,282,,Water,,
CP1,Cầu Lao Chải,99.2,9.2,1006,572,305,,Drinks; HEED; Fruits; Snacks; Hot food; Medical,,
WS,Ý Linh Hồ,107.4,8.2,1127,473,345,,Water,,
CP2,Cát Cát,111.7,4.3,1285,222,57,17:00,Drinks; HEED; Fruits; Snacks; Hot food; Medical,Yes,Yes
CP3,Ô Quý Hồ,119.9,8.2,1738,652,179,20:00,Drinks; HEED; Fruits; Snacks; Hot food; Medical,,
CP4,Tả Phìn,129.3,9.4,1309,649,1096,23:00,Drinks; HEED; Fruits; Snacks; Hot food; Medical,Yes,
CP5,Cầu 31,137.1,7.8,1249,380,441,1:30,Drinks; HEED; Fruits; Snacks; Hot food; Medical,Yes,
WS,Sâu Chua,141.9,4.8,1598,439,77,,Water,,
CP6,Hầu Chư Ngài,146.4,4.5,1548,184,235,4:30,Drinks; HEED; Fruits; Snacks; Hot food; Medical,,
CP7,Sử Pán,152.1,5.7,1187,166,542,6:30,Drinks; HEED; Fruits; Snacks; Hot food (from 22:00); Medical,,
WS,Lếch Mông,154.7,2.6,1400,237,15,,Water,,
Finish,Topas Ecolodge,160,5.3,948,23,502,9:00,Water; Buffet; Thom Beer; Showers; Medical,,
